oid,category
749208109,boardgames
452466036,martial_arts
161038103,tennis
663621910,esport
566255305,esport
332983824,volleyball
306441436,volleyball
770457906,volleyball
720955404,esport
950885012,athletics
623907520,athletics
357676832,esport
463889624,boardgames
769116238,tennis
902512702,winter_sport
573984210,basketball
867549202,motosport
469446016,volleyball
517149005,esport
631811222,tennis
289454822,athletics
633244217,martial_arts
54310919,esport
731046922,athletics
759095431,autosport
23592715,winter_sport
568705033,hockey
746261621,boardgames
223960908,autosport
343811314,athletics
39021409,motosport
433430409,volleyball
191288802,extreme
773806324,winter_sport
42587423,autosport
909050028,volleyball
381764623,esport
896686111,basketball
759592926,winter_sport
475206109,volleyball
123458214,volleyball
733364110,motosport
571093038,volleyball
86508807,tennis
982942625,athletics
150043234,motosport
194604309,basketball
142857803,esport
53073826,volleyball
444234900,tennis
735418021,tennis
710293600,martial_arts
78410435,martial_arts
529343505,hockey
234810038,esport
939038022,motosport
624444012,autosport
10212412,esport
249455008,boardgames
816073817,motosport
292582612,winter_sport
168872231,martial_arts
610073730,esport
804591616,motosport
708450700,motosport
595692823,football
375824633,athletics
424194001,athletics
675267313,volleyball
380261015,esport
713757600,esport
698363821,volleyball
163267719,autosport
28225423,esport
302563336,volleyball
142601735,winter_sport
742710000,volleyball
10353705,volleyball
855343237,boardgames
42843917,autosport
750586033,esport
111296917,boardgames
649301435,martial_arts
954498427,tennis
891104532,volleyball
27707002,basketball
378995810,extreme
591630036,esport
476458720,autosport
994379631,tennis
567098537,autosport
282476217,basketball
663005300,tennis
224117102,esport
360837705,football
226571001,motosport
695496003,esport
443224606,autosport
301803518,motosport
3914130,boardgames
692130106,basketball
415497137,boardgames
21334510,tennis
479057125,basketball
245636707,esport
569162732,esport
249638431,autosport
697977732,volleyball
647248211,winter_sport
332820822,tennis
749981730,winter_sport
74069810,motosport
652140412,winter_sport
56456918,esport
184257327,motosport
244390012,motosport
429114239,esport
880844709,volleyball
169782234,autosport
449702027,basketball
379077831,boardgames
298814214,esport
638216721,martial_arts
675028903,motosport
580528518,volleyball
464496500,autosport
724673712,athletics
542970915,tennis
967849804,motosport
424965336,esport
222516037,martial_arts
74652019,esport
758394115,boardgames
514263414,volleyball
181151513,esport
901319525,esport
307052612,motosport
327143311,winter_sport
991629126,winter_sport
730917226,esport
720971414,winter_sport
371194832,basketball
96550538,martial_arts
963669106,esport
883757433,tennis
429095315,esport
952343224,boardgames
154620504,athletics
416747616,autosport
953467218,winter_sport
582543434,autosport
931986732,basketball
95038303,athletics
153599208,athletics
28624709,esport
199165412,basketball
527137328,esport
780087912,esport
669566726,autosport
388651911,esport
388468131,boardgames
907386212,esport
780661336,motosport
859305226,basketball
656741409,martial_arts
732864905,esport
312888017,volleyball
692638318,autosport
577870231,basketball
714234514,autosport
817402220,esport
150273323,athletics
661657826,esport
557484721,tennis
229925816,esport
19765518,autosport
806603917,esport
966922207,basketball
816892913,esport
738676239,esport
461441908,athletics
472368600,basketball
27943630,football
910049717,athletics
753336639,autosport
137256429,autosport
488107817,winter_sport
432194902,martial_arts
276231830,autosport
39708933,tennis
165244818,autosport
772243338,basketball
59932732,martial_arts
326063102,autosport
270775309,basketball
421579134,tennis
700486922,boardgames
507262500,winter_sport
341458225,esport
423620832,motosport
395353112,boardgames
824743609,motosport
290484631,winter_sport
159768514,volleyball
234253423,esport
441420522,autosport
303452933,esport
251684639,martial_arts
503664137,volleyball
330691025,basketball
152682706,athletics
890548501,motosport
670060720,esport
461848124,tennis
392801401,tennis
400318329,esport
757382404,autosport
367128632,martial_arts
82359035,autosport
169650018,esport
742321024,autosport
203609815,esport
315514611,boardgames
484770022,winter_sport
272409826,winter_sport
189202917,winter_sport
954309335,autosport
269135832,autosport
363011237,esport
143686331,autosport
646468605,esport
758557134,esport
207891029,esport
380846012,autosport
32860111,martial_arts
694176212,extreme
776303527,autosport
825619734,esport
789704301,motosport
45918031,athletics
435847516,volleyball
703540237,athletics
285269308,martial_arts
800426014,esport
570225132,boardgames
104061007,boardgames
379707522,motosport
961037402,athletics
145846507,motosport
675338101,football
611637936,basketball
178373718,esport
58022005,athletics
493291122,volleyball
955803014,esport
280458608,athletics
309347409,tennis
763019216,autosport
9455401,volleyball
68737418,winter_sport
737880515,basketball
420029112,boardgames
353081737,tennis
893681523,athletics
391106101,esport
645562129,athletics
798959002,tennis
720194726,motosport
938731820,motosport
656339234,autosport
325097003,basketball
479886838,basketball
727066931,esport
69700733,athletics
382790721,esport
535711737,tennis
614327734,autosport
765370701,motosport
930647729,autosport
905511805,esport
75344628,autosport
247095126,esport
559217017,motosport
621582000,basketball
919523134,tennis
735630433,esport
606729828,martial_arts
691699936,martial_arts
853736228,boardgames
972972609,esport
642194214,martial_arts
24580105,volleyball
810672125,motosport
796343309,tennis
188871818,boardgames
969939508,tennis
776249712,autosport
577505103,esport
433461909,motosport
840167802,autosport
687005007,esport
630596921,athletics
468180423,basketball
869290538,boardgames
24664535,esport
114099424,esport
732725131,martial_arts
88427238,esport
597320201,athletics
98678120,basketball
227887835,esport
976183800,esport
814378832,motosport
404734609,winter_sport
636606912,esport
952424029,martial_arts
961573518,football
257082031,boardgames
189606914,martial_arts
920626600,boardgames
583140311,basketball
91221831,athletics
871203616,football
137678818,motosport
895783211,martial_arts
390326813,martial_arts
456256906,volleyball
744621104,autosport
854520310,athletics
335696332,esport
773639931,autosport
963933706,esport
283938412,football
698725904,athletics
656656408,esport
920584035,esport
523488132,tennis
995500139,athletics
732719339,extreme
110161928,autosport
87645031,boardgames
892988615,martial_arts
527755416,basketball
254005736,esport
365447126,motosport
608202837,tennis
175569918,boardgames
675221606,volleyball
327373427,basketball
590168531,autosport
673717013,esport
15687720,boardgames
131876911,esport
248974925,esport
208349037,winter_sport
406687238,esport
882640123,esport
432727237,martial_arts
409398311,autosport
842595938,basketball
139939618,autosport
458745710,extreme
447660100,hockey
61541309,autosport
839030107,motosport
916341617,extreme
826403605,basketball
535511828,basketball
767166235,autosport
455599238,esport
653555418,esport
998565619,esport
9419231,esport
909146130,boardgames
147606020,motosport
696853732,volleyball
36443103,football
314730615,tennis
706187615,esport
7101715,esport
900506605,esport
440346237,motosport
869551220,esport
158877415,volleyball
171566920,boardgames
777388529,tennis
595894929,basketball
300018033,boardgames
81295517,volleyball
252055117,motosport
158959036,motosport
965739105,esport
685187327,volleyball
968492435,basketball
359331738,autosport
325137301,esport
951099915,autosport
241306824,athletics
877868208,volleyball
339910315,volleyball
710737629,motosport
190675501,tennis
723062002,athletics
729168834,volleyball
75044739,extreme
977791728,martial_arts
480878817,autosport
77255925,athletics
588492128,boardgames
503286621,volleyball
463497816,volleyball
216451201,esport
490004308,tennis
126999231,motosport
311641030,tennis
205108616,martial_arts
627299307,volleyball
586438336,volleyball
810648433,volleyball
544238018,esport
412582902,athletics
217336832,volleyball
235819036,volleyball
172134431,motosport
193979004,tennis
704493238,basketball
365511913,athletics
302337826,motosport
697754006,basketball
650371125,esport
506779112,football
606174933,motosport
206462427,esport
560285439,hockey
805173438,athletics
881719908,autosport
175684103,esport
732845834,basketball
357831525,motosport
580460700,athletics
58905212,basketball
474672934,esport
541204520,basketball
814144025,extreme
682868217,autosport
346973015,volleyball
110567026,athletics
673423735,athletics
136458830,volleyball
543463128,football
675949807,basketball
731161905,basketball
553924806,motosport
214726412,athletics
720806404,tennis
451609521,volleyball
573599818,tennis
858270913,basketball
69666901,esport
175917715,tennis
323016022,tennis
501365320,esport
177059338,tennis
66589206,volleyball
283290130,football
876801624,basketball
808720707,martial_arts
318513918,esport
976274208,boardgames
780437412,esport
146978633,esport
932162114,basketball
189713508,tennis
950318127,volleyball
368142822,autosport
397238625,extreme
249355536,martial_arts
162043401,basketball
58524106,autosport
46557902,volleyball
553288426,esport
524426623,volleyball
695005818,volleyball
202488729,volleyball
393407803,boardgames
631388434,esport
618050834,volleyball
194289811,basketball
718265512,tennis
612063015,esport
771189202,tennis
842094317,martial_arts
939633505,athletics
483184820,tennis
277343111,tennis
118582030,motosport
860103302,tennis
337669626,extreme
962409113,athletics
152645515,esport
638690823,esport
461478321,motosport
892724112,motosport
940643711,volleyball
216195912,winter_sport
797106735,football
888914411,boardgames
753726005,motosport
628940512,basketball
895774202,boardgames
322842224,athletics
628345539,winter_sport
686698307,esport
246280803,tennis
874257909,motosport
281743839,esport
802894535,tennis
538156330,athletics
340097918,tennis
484354931,volleyball
207420208,autosport
720700227,volleyball
584644404,esport
676903235,boardgames
533687714,motosport
811403701,athletics
720980602,athletics
157226523,winter_sport
200830226,esport
372619507,martial_arts
430070319,athletics
875504204,esport
185046019,volleyball
410728131,esport
58056119,motosport
416384822,volleyball
821416534,martial_arts
587551436,motosport
502274308,volleyball
206534518,tennis
70553008,martial_arts
625733917,esport
101931638,esport
338973828,martial_arts
175877702,tennis
32734003,autosport
197069007,esport
119067016,tennis
447899916,autosport
542017229,athletics
555013438,autosport
271744519,martial_arts
923012209,volleyball
389639538,extreme
6841824,martial_arts
253041238,autosport
898891936,esport
636813919,basketball
402635101,volleyball
154884131,autosport
757687928,tennis
577746628,boardgames
694334802,basketball
555020016,esport
337485625,tennis
634077333,football
114597920,esport
320128527,esport
144893418,esport
347076136,autosport
943736224,esport
134805635,hockey
105159200,martial_arts
500649222,esport
487808124,motosport
940142725,athletics
515979625,basketball
653139422,volleyball
759335729,extreme
992331419,autosport
976726439,esport
528610528,autosport
99316638,autosport
397688731,martial_arts
563700604,esport
663177038,volleyball
481791707,motosport
978152436,basketball
793498528,martial_arts
175114936,autosport
486848704,autosport
683004715,hockey
300698829,autosport
626724033,autosport
505512209,autosport
597756035,volleyball
258314123,esport
995614432,winter_sport
699404808,autosport
491581824,motosport
198566525,boardgames
453622433,esport
209418931,esport
891334035,motosport
281906302,athletics
77287639,hockey
291959212,tennis
474818525,esport
97470738,esport
358634928,motosport
724915531,boardgames
374161020,volleyball
806134921,athletics
254914715,volleyball
346305901,esport
837411601,volleyball
165033105,esport
199260030,boardgames
652028722,volleyball
206039507,boardgames
470533206,autosport
113480613,boardgames
865319020,martial_arts
500485134,athletics
466833200,volleyball
754370035,martial_arts
661402108,autosport
801282329,volleyball
942291028,volleyball
77263526,esport
780377018,autosport
881966013,extreme
844717635,esport
536631212,autosport
852431225,esport
249356330,autosport
611696517,hockey
330126734,hockey
411875725,autosport
898257011,volleyball
615111916,martial_arts
336705925,athletics
240148831,esport
341006523,tennis
477358811,hockey
38686015,autosport
963404719,autosport
692941415,tennis
454649416,tennis
183300802,football
328610001,athletics
543395536,esport
395618404,martial_arts
258919913,esport
257343433,autosport
610069617,motosport
584891828,motosport
16855822,extreme
949858220,motosport
219391807,esport
512892704,esport
784721116,extreme
951953731,motosport
777792529,tennis
31521229,volleyball
815797438,volleyball
909250315,autosport
502677819,tennis
947138900,boardgames
223866238,motosport
762195413,athletics
672115723,volleyball
75263528,autosport
572040810,esport
358997321,motosport
944232732,hockey
896615205,esport
502752932,basketball
993241304,autosport
881761926,football
194486402,autosport
296077903,volleyball
32712332,autosport
246331928,tennis
34632917,volleyball
87954633,tennis
311125219,esport
474341536,esport
876929904,volleyball
789662714,motosport
846438937,autosport
431515801,hockey
377199730,autosport
876642405,autosport
394896621,esport
354506919,autosport
174798230,tennis
242791832,esport
163251509,winter_sport
121492010,esport
177837324,motosport
577187937,esport
450783314,tennis
810245338,football
346300139,hockey
758155538,esport
521758907,basketball
162356801,esport
722998702,basketball
753777205,boardgames
369317324,basketball
850982633,boardgames
279774419,volleyball
506647809,martial_arts
369349736,esport
424581231,martial_arts
693946932,volleyball
21713406,esport
380924325,extreme
471648831,volleyball
188076806,boardgames
303714903,autosport
432119824,esport
993251023,winter_sport
303858215,motosport
178335916,esport
209979431,volleyball
950046422,basketball
808026519,boardgames
344085216,boardgames
937276635,volleyball
125860219,esport
271336732,esport
489685222,esport
126462019,motosport
837314116,autosport
827474411,boardgames
619492408,football
121966812,volleyball
184029530,autosport
300376018,boardgames
756811015,basketball
542922016,motosport
718004107,winter_sport
716233230,hockey
118342520,autosport
673848710,boardgames
439607625,esport
980421624,tennis
254489118,tennis
682407200,esport
834897309,athletics
988414209,motosport
401817323,autosport
999374432,esport
277075235,extreme
248809911,esport
634720110,esport
156539705,motosport
794004500,athletics
987306634,esport
23220639,tennis
552724006,tennis
613449708,basketball
522310908,volleyball
472102715,boardgames
718731007,martial_arts
347660221,football
617089805,esport
539465706,tennis
946552139,motosport
869684202,winter_sport
24530913,esport
30987817,boardgames
571944417,boardgames
1622114,volleyball
672291907,tennis
294355703,autosport
950610502,athletics
323542800,motosport
148389602,basketball
722326419,volleyball
608008318,autosport
866166836,autosport
58828435,basketball
293257727,extreme
69883037,boardgames
890975533,basketball
885777902,esport
684766028,hockey
345928610,esport
369462436,winter_sport
252017522,esport
389199804,volleyball
819414509,esport
982459907,motosport
656218303,esport
839901317,autosport
152328435,esport
8754004,esport
750123821,basketball
327734729,boardgames
881714831,boardgames
639255416,volleyball
905699705,volleyball
165536929,basketball
62179307,hockey
996508807,athletics
691885025,volleyball
761152130,esport
495993616,autosport
305659608,esport
734773828,tennis
427405525,autosport
282161237,autosport
363280212,tennis
342217239,esport
144253338,esport
85587732,esport
46396337,boardgames
676067213,tennis
188914633,autosport
831798502,boardgames
549731702,motosport
949907629,esport
738065626,motosport
28987600,autosport
427947126,autosport
31026914,motosport
738309006,autosport
687457825,volleyball
439624909,volleyball
181114224,extreme
772796121,winter_sport
617202308,volleyball
898943337,esport
39760922,esport
601670421,extreme
918780108,martial_arts
383370828,esport
165303039,winter_sport
128681434,boardgames
696619008,athletics
541587109,winter_sport
502126414,autosport
883911111,esport
536016915,extreme
336192226,motosport
757840314,esport
934770635,volleyball
111216229,tennis
882038106,volleyball
180773232,tennis
171386911,esport
493329800,basketball
947275916,tennis
924380421,autosport
306975214,volleyball
286637611,esport
143952121,esport
607642001,extreme
603928716,basketball
882493006,esport
392033223,athletics
52704700,extreme
803373031,volleyball
500328511,autosport
835396802,basketball
871940439,tennis
133265812,motosport
648536421,motosport
510637726,esport
449704704,volleyball
110973925,athletics
901627909,esport
560223506,esport
711716415,tennis
44066515,volleyball
381517915,tennis
26690326,extreme
74450008,martial_arts
380873701,esport
754440301,boardgames
358793829,martial_arts
286516630,autosport
592032236,boardgames
938672803,athletics
74472119,athletics
367146634,motosport
968694134,esport
754799230,boardgames
470130924,autosport
963893835,esport
33335702,autosport
62850008,esport
704972525,motosport
354880700,tennis
387687703,tennis
459391931,esport
391708030,athletics
643723301,tennis
526305739,boardgames
832060730,volleyball
443233908,athletics
374976917,esport
868741111,volleyball
106783719,athletics
818786025,volleyball
190676335,basketball
691196826,volleyball
662453213,football
401592234,hockey
228182217,volleyball
129966125,extreme
60784503,extreme
959949902,esport
961447120,football
36370916,basketball
381175229,basketball
64505925,hockey
884639615,autosport
361446201,volleyball
722293514,autosport
757129532,tennis
365639217,esport
548889408,esport
698146809,basketball
409341814,volleyball
788946507,tennis
125615617,esport
621181023,extreme
52719309,autosport
310100109,motosport
360665210,basketball
929177628,winter_sport
627942312,esport
110299018,volleyball
382246238,motosport
338061502,autosport
314850421,basketball
995078418,basketball
580543820,esport
708435804,esport
201643838,football
441857133,athletics
748171722,volleyball
92405418,volleyball
759680207,tennis
363870539,volleyball
559886937,martial_arts
681724533,esport
890990913,autosport
3905302,esport
294739001,volleyball
61071611,martial_arts
442404133,basketball
120774419,esport
238482914,extreme
621089234,extreme
861225637,volleyball
573728221,volleyball
985825903,winter_sport
699833027,motosport
754130730,esport
446372811,motosport
520171005,motosport
309752232,volleyball
350292811,athletics
853318705,basketball
705531229,basketball
478649132,autosport
862074312,tennis
877807601,esport
723736924,athletics
841922601,motosport
372120119,autosport
997446726,esport
927384902,martial_arts
630923338,esport
366534304,extreme
742720004,boardgames
567751832,motosport
8071108,esport
433288420,esport
717515711,autosport
434086932,esport
542840716,extreme
798767415,esport
574447328,volleyball
662150224,autosport
445858313,basketball
983658124,esport
723177305,volleyball
933474909,autosport
38798826,esport
8591509,basketball
438797216,tennis
227716111,basketball
310271910,esport
12747705,athletics
890219039,motosport
557277126,athletics
371253809,esport
581191034,athletics
332429417,autosport
636783625,tennis
436996505,esport
84609918,esport
120129717,esport
705736306,tennis
941480814,esport
686389628,athletics
451119206,martial_arts
195814323,boardgames
697207714,autosport
115396210,esport
115166329,athletics
670133125,motosport
22036439,athletics
66862529,esport
281392706,autosport
470564924,esport
831253324,motosport
613949310,volleyball
13562224,tennis
87851008,autosport
378373822,autosport
821877603,esport
552093907,esport
961334227,esport
173808905,basketball
4581701,volleyball
918645004,autosport
444009223,athletics
563416735,volleyball
878785139,athletics
316651621,motosport
817588631,martial_arts
178038606,volleyball
307022516,boardgames
975627500,esport
941655901,autosport
793483105,winter_sport
971344832,hockey
973446521,boardgames
960682626,autosport
373701210,volleyball
624254822,autosport
167479026,volleyball
716730813,esport
195663706,esport
695058203,athletics
47878039,volleyball
791826507,motosport
755173525,football
607849319,extreme
350509934,boardgames
468287808,athletics
842306321,autosport
692248707,boardgames
358893334,autosport
252958212,winter_sport
293137810,autosport
243150312,winter_sport
610608320,esport
292717533,boardgames
150654128,boardgames
441983510,athletics
996141322,extreme
5492000,boardgames
192169939,autosport
172168003,esport
709646319,tennis
523427029,motosport
750529123,esport
908844019,boardgames
497868207,volleyball
393386031,boardgames
714494404,tennis
679839112,winter_sport
882288416,volleyball
230468518,esport
551269718,volleyball
571009235,autosport
169233026,autosport
558167517,esport
737153530,autosport
661807414,boardgames
411813121,extreme
349384717,basketball
931808713,martial_arts
71725427,autosport
901212909,autosport
498073839,martial_arts
92620918,hockey
564459708,tennis
590978210,autosport
435422100,esport
381979729,winter_sport
324896016,volleyball
649867805,motosport
682654027,winter_sport
897247311,athletics
570742820,boardgames
223858625,autosport
411869717,esport
943343431,esport
324255428,motosport
40882726,volleyball
370655126,tennis
875981233,esport
138603234,motosport
647706002,motosport
375680603,volleyball
473008422,autosport
720423606,autosport
358226131,volleyball
725601317,hockey
568346001,volleyball
582387318,volleyball
429186739,volleyball
650213926,autosport
808599916,hockey
949032612,esport
16717100,athletics
394212724,autosport
901046514,tennis
786309406,basketball
731705227,hockey
210153012,esport
824729512,athletics
733716720,martial_arts
405617038,winter_sport
216695313,basketball
916678726,volleyball
610419433,esport
570876811,esport
807285226,athletics
80519630,esport
134189922,winter_sport
152217002,basketball
143397604,athletics
922406933,motosport
197131118,esport
993159701,autosport
747366802,volleyball
403183304,football
120384031,autosport
640825236,motosport
885530530,autosport
89039324,volleyball
913398708,winter_sport
612800229,boardgames
749854625,esport
127029536,autosport
608221321,hockey
213444212,esport
921213411,volleyball
50649411,boardgames
602470622,esport
523843812,autosport
614822521,winter_sport
401762737,autosport
94891029,esport
130540023,autosport
856701516,extreme
739394931,motosport
243857625,volleyball
604360123,athletics
655435538,autosport
60377539,tennis
986936309,esport
415671629,esport
479143822,extreme
964573111,football
724468930,autosport
1663817,athletics
367642407,volleyball
864087326,winter_sport
514740421,esport
152027915,tennis
369774809,athletics
465964406,esport
369621326,autosport
384129821,athletics
120860807,esport
261262031,athletics
979631209,autosport
175060434,autosport
888762027,tennis
445982121,athletics
728868232,boardgames
511077225,volleyball
999361308,tennis
779040219,winter_sport
776648409,basketball
424793706,volleyball
300976628,volleyball
669684718,esport
58570613,winter_sport
698962202,boardgames
513724303,volleyball
608530528,boardgames
500385906,volleyball
46365838,esport
222424935,esport
618948831,extreme
321397920,volleyball
461578519,winter_sport
93297629,autosport
850748314,motosport
841198827,basketball
467539521,athletics
442857922,esport
919422928,esport
809470704,basketball
193630610,martial_arts
733036217,autosport
439735436,volleyball
633722524,esport
270174326,tennis
544508231,esport
57043301,esport
433229230,martial_arts
518838020,basketball
91586935,athletics
287237406,winter_sport
578692128,esport
688031531,martial_arts
462553428,autosport
590851410,volleyball
618524109,esport
933536635,athletics
793527036,martial_arts
729244921,basketball
129257723,winter_sport
831430707,autosport
804087221,esport
356229300,esport
310159821,esport
781534022,motosport
776359438,tennis
713499939,tennis
332656608,athletics
812009012,tennis
189715923,autosport
11907137,tennis
285028136,autosport
916355700,esport
215038522,athletics
150717204,volleyball
792960709,athletics
964864035,volleyball
294997620,tennis
960208908,motosport
297310427,winter_sport
26141003,esport
750283334,autosport
525872608,athletics
760564339,winter_sport
689420739,motosport
729848700,esport
573844036,basketball
820117632,basketball
734592127,athletics
29843836,martial_arts
515359008,extreme
868970032,esport
788252431,boardgames
909638205,esport
19561637,esport
324968820,motosport
321638212,extreme
277505118,volleyball
986135626,esport
517683527,motosport
210734516,extreme
867517906,autosport
227173108,esport
888101600,autosport
631192517,autosport
655829522,athletics
881759832,athletics
490784125,esport
750019213,volleyball
584124420,esport
272974518,motosport
545066315,autosport
897875212,boardgames
933229631,motosport
406191709,motosport
219875603,basketball
974417010,esport
353182908,autosport
633910216,boardgames
970656307,esport
245330532,esport
544399530,volleyball
777001005,martial_arts
839826832,extreme
985913429,autosport
674662713,autosport
733034205,esport
965232823,autosport
287890211,martial_arts
119280019,martial_arts
8589632,esport
334504900,athletics
466949309,tennis
17142414,autosport
164938627,athletics
406693811,autosport
615462028,extreme
558456732,esport
804059534,volleyball
988540723,martial_arts
542055201,esport
805618829,esport
819595634,autosport
76441934,extreme
245680408,martial_arts
861838032,tennis
903672538,tennis
4029918,volleyball
810689517,autosport
649088727,martial_arts
612806513,athletics
562263821,athletics
685403029,basketball
289941403,volleyball
798901420,football
279369911,volleyball
222647821,winter_sport
880206236,tennis
494399433,esport
59119226,esport
139386623,basketball
165629003,athletics
236809623,boardgames
906862823,tennis
231379431,basketball
322514905,autosport
966648738,motosport
400493824,hockey
289099909,autosport
973568134,volleyball
242999722,esport
843846307,esport
676100714,motosport
593911217,motosport
71917426,tennis
697719516,autosport
795681906,autosport
461294623,volleyball
996348826,esport
449803432,basketball
549787313,martial_arts
185251920,martial_arts
871707112,tennis
261289836,basketball
124259218,esport
648146022,esport
65417518,boardgames
900952227,athletics
551969303,martial_arts
482188421,esport
364130824,tennis
681167633,athletics
128444506,tennis
962542607,athletics
31847117,autosport
257167133,boardgames
543359603,motosport
651673205,volleyball
810354239,autosport
215529508,volleyball
656137117,esport
125722831,basketball
679492600,hockey
696044911,autosport
683008120,tennis
627428414,motosport
192794930,esport
479245314,volleyball
481188838,basketball
786639628,tennis
788319022,esport
905221839,athletics
606598308,esport
837772112,esport
284265324,esport
322201813,hockey
333629639,autosport
471765201,boardgames
111348804,autosport
327096529,hockey
238670820,autosport
398887933,esport
174540012,esport
936964719,volleyball
634162404,tennis
45741408,autosport
756352731,athletics
963977522,extreme
257838004,autosport
83051405,hockey
248182703,esport
334997905,basketball
526861338,tennis
712883511,martial_arts
920712623,tennis
282876503,motosport
380447018,basketball
59719129,autosport
105994131,boardgames
207974133,esport
541034335,esport
65368622,athletics
907707903,boardgames
600193414,autosport
924260407,autosport
73983831,autosport
879836504,tennis
729232621,motosport
544316610,football
883951626,martial_arts
846289631,martial_arts
841735926,esport
627169214,esport
418888935,volleyball
130522526,tennis
704658637,volleyball
322297134,volleyball
217409812,tennis
649353633,boardgames
790179730,esport
982297104,autosport
993849513,athletics
760657814,esport
617827624,motosport
191792014,autosport
699350627,esport
657433221,esport
220544713,volleyball
776866709,autosport
596255402,motosport
786445913,autosport
496382632,motosport
629112306,tennis
688766528,esport
903004702,tennis
681511514,esport
868408610,volleyball
958369610,tennis
556662305,esport
217404121,autosport
940712208,volleyball
788365527,football
457575911,tennis
159349224,basketball
765668814,athletics
716667231,basketball
608621732,winter_sport
597216810,athletics
73596624,tennis
159445938,volleyball
593121209,autosport
896714013,volleyball
563048705,tennis
985972400,motosport
37933603,volleyball
633261006,esport
493152603,motosport
779384134,esport
86404728,tennis
262649514,basketball
741012308,esport
95581827,extreme
825163019,esport
635556508,esport
930930928,autosport
634520721,esport
970974136,athletics
325230734,athletics
785209618,extreme
770301717,volleyball
65928915,esport
139119238,martial_arts
580901822,esport
531280822,volleyball
171939837,martial_arts
692871434,boardgames
560090914,esport
182965603,esport
999112505,boardgames
576742906,athletics
182812727,boardgames
923366304,tennis
183393929,esport
331906829,volleyball
480246717,extreme
802298901,esport
441807829,esport
575808906,motosport
493996925,autosport
362008626,boardgames
402791408,tennis
909448138,athletics
734377410,esport
388066139,athletics
967451027,boardgames
436338111,esport
350854638,autosport
771428814,esport
676822639,autosport
108860121,motosport
571488727,esport
905312229,basketball
177956109,motosport
132467624,boardgames
7087528,motosport
793925411,basketball
611272716,autosport
299652135,martial_arts
263512315,motosport
450530620,esport
487517418,martial_arts
874382204,tennis
752730414,athletics
361486400,esport
609698935,motosport
565675004,martial_arts
295520434,martial_arts
682455124,tennis
527528908,esport
75615802,basketball
265701307,basketball
731751516,tennis
839751918,tennis
881271230,esport
882315308,basketball
67036910,autosport
310358223,athletics
975711134,esport
358317602,esport
703750536,autosport
630825516,esport
796339635,autosport
254358104,martial_arts
815640829,esport
668748115,esport
713015830,esport
618178708,athletics
409411512,autosport
21376113,boardgames
149638039,motosport
10887106,boardgames
571068209,boardgames
383306838,basketball
187165212,athletics
363048101,esport
130535527,winter_sport
253865922,martial_arts
191775103,esport
734063839,winter_sport
996567419,esport
269499238,tennis
68735805,motosport
408612401,basketball
618086409,esport
858295624,esport
77435832,volleyball
58842105,motosport
108159118,esport
614928806,basketball
262629904,tennis
947256910,volleyball
214051407,boardgames
487411805,esport
776351709,esport
443892630,athletics
76964307,esport
690730704,athletics
987987031,tennis
285572720,tennis
410019910,tennis
892766606,volleyball
426978833,esport
771624222,esport
905567539,extreme
122865219,esport
151563426,autosport
51331403,autosport
718936035,esport
959640114,esport
106586209,tennis
847243834,hockey
859264731,martial_arts
735913215,esport
635515629,tennis
15535117,tennis
584526602,extreme
921784308,basketball
573720128,extreme
102717338,martial_arts
65274210,athletics
633667826,basketball
349550918,extreme
975407827,athletics
753567210,esport
739334607,tennis
932230336,esport
421471925,autosport
840855229,boardgames
36132108,tennis
477438405,volleyball
631274828,athletics
198693838,athletics
334458011,tennis
723383611,motosport
52498920,autosport
558583814,winter_sport
13031436,esport
928466623,esport
332438024,extreme
912791406,boardgames
382144213,autosport
801253637,boardgames
480925027,autosport
504068509,tennis
676963316,esport
36876635,winter_sport
703645610,football
798486938,athletics
988322537,volleyball
266940400,esport
727131428,volleyball
451105500,esport
390954924,athletics
721281612,tennis
546542921,basketball
433717313,motosport
916357824,autosport
991670624,esport
693990115,motosport
160156804,basketball
88199013,motosport
917918427,tennis
956023416,volleyball
735316620,volleyball
74653939,volleyball
159826537,extreme
82411206,athletics
642570122,volleyball
721591601,martial_arts
570896400,volleyball
805934915,autosport
678814727,football
169155022,football
861991010,volleyball
731388718,esport
174120533,volleyball
316817634,esport
987772401,esport
418496427,volleyball
199931007,basketball
188595930,autosport
519137722,esport
29087925,tennis
289474002,football
681992433,boardgames
920808639,tennis
157908500,tennis
928004506,athletics
150908912,esport
718701305,basketball
792993723,motosport
307726713,autosport
905243708,extreme
129054431,autosport
597076427,football
718968334,boardgames
771869717,volleyball
609423004,motosport
972727229,athletics
41755914,esport
522372909,esport
532990915,autosport
724575310,athletics
396370424,athletics
903006510,autosport
466643728,esport
394507726,esport
888442435,motosport
642658905,boardgames
331980113,autosport
943529000,volleyball
571717109,basketball
836439103,esport
278333026,volleyball
992511734,volleyball
806147614,basketball
8600526,boardgames
923795413,volleyball
700305001,autosport
714230505,esport
447547920,autosport
995968829,volleyball
686924926,esport
483598913,esport
314389434,boardgames
837175330,volleyball
421893322,tennis
374331313,athletics
236154734,boardgames
516878434,esport
238486701,winter_sport
122842434,motosport
853317727,boardgames
376869817,athletics
929012030,motosport
19978512,winter_sport
583812819,volleyball
894533034,tennis
38824639,winter_sport
905970800,volleyball
729673830,autosport
459543124,autosport
792605429,tennis
586514133,winter_sport
425955511,autosport
435066337,volleyball
964964930,martial_arts
392205005,martial_arts
241251621,volleyball
769467634,volleyball
180428424,martial_arts
384272039,esport
834921405,athletics
451097605,esport
517514521,esport
445450828,motosport
628205320,tennis
120359629,athletics
694630918,esport
519393417,esport
693769604,hockey
330574029,volleyball
743480114,esport
779133709,autosport
842350816,motosport
456049834,autosport
952274232,motosport
511429701,boardgames
839750938,autosport
965009518,motosport
369220816,athletics
424678830,athletics
325301301,athletics
232338336,winter_sport
424072328,martial_arts
355869103,athletics
178587519,basketball
455866804,tennis
358259418,tennis
177421413,esport
348319536,football
726740926,martial_arts
559296224,autosport
244140619,autosport
554603131,autosport
186064128,athletics
917333836,martial_arts
567968125,boardgames
589708636,boardgames
663123629,motosport
160913325,athletics
310690308,basketball
71193028,autosport
666159635,motosport
76534706,extreme
759122832,esport
491366739,volleyball
884416724,extreme
87100822,martial_arts
428948204,tennis
823965717,boardgames
256309326,motosport
453489307,hockey
819163701,volleyball
784811821,winter_sport
24123011,autosport
261138036,boardgames
189795528,volleyball
304537523,volleyball
288320122,extreme
283158237,basketball
913037318,boardgames
865148516,extreme
356117301,tennis
438386826,autosport
831854927,esport
657781511,esport
597803422,winter_sport
146326824,athletics
459870226,autosport
850390414,tennis
384245413,volleyball
982843524,esport
875961536,volleyball
851180827,hockey
916861034,martial_arts
158241534,winter_sport
325238208,basketball
959856105,tennis
991105434,esport
948654335,esport
926666129,autosport
347983522,autosport
128159832,motosport
853748924,winter_sport
697962815,volleyball
923024638,martial_arts
259229513,volleyball
307712117,autosport
839044616,esport
490396703,esport
781035303,esport
400888203,martial_arts
704448708,esport
142013420,volleyball
11387302,winter_sport
849288127,volleyball
508170013,tennis
767339919,athletics
184526213,esport
469921116,motosport
762386331,motosport
336741517,martial_arts
415366032,basketball
795983000,volleyball
81076006,motosport
474448617,esport
102586218,autosport
614661625,athletics
606886336,motosport
194359403,boardgames
17560220,athletics
460819000,esport
930446319,volleyball
28000829,volleyball
557730405,basketball
799379709,esport
649198810,athletics
576585801,hockey
746421309,motosport
413670930,extreme
454456215,volleyball
896187322,football
708186121,autosport
325340028,autosport
202764639,esport
518460505,autosport
927852529,basketball
592013512,motosport
748139809,motosport
619136712,autosport
378764037,esport
668998218,esport
809310416,martial_arts
38650222,athletics
571313639,motosport
686416229,athletics
377362103,football
169728316,boardgames
359502010,tennis
193966605,boardgames
896038516,basketball
4695938,winter_sport
385573636,extreme
239478110,esport
182556512,basketball
138687307,autosport
375105823,esport
185122614,esport
547766236,basketball
960607836,esport
945052807,esport
740126116,autosport
193127539,martial_arts
799507205,volleyball
734162904,football
61811928,basketball
313873532,esport
940100410,motosport
452717234,basketball
497113516,martial_arts
127173608,esport
769822207,volleyball
636382901,athletics
730777029,autosport
982877726,extreme
130907226,autosport
853812926,winter_sport
980030133,tennis
134346222,extreme
904622813,esport
657828704,extreme
865581307,esport
973794208,winter_sport
107411906,winter_sport
491747007,autosport
356043123,martial_arts
128426128,tennis
921937508,basketball
758544537,esport
951144506,volleyball
789732331,winter_sport
814396119,esport
882959720,extreme
410422939,basketball
610968003,autosport
112730017,athletics
415737436,autosport
170400932,athletics
429090505,motosport
50755530,tennis
278113722,esport
934775902,boardgames
300238132,volleyball
94282806,esport
752762421,autosport
629887000,autosport
566933517,athletics
647940606,esport
239911236,esport
600216035,esport
271439505,tennis
901695604,volleyball
179899500,motosport
203411104,autosport
181790608,football
214283216,esport
886531805,esport
801563116,esport
112908707,extreme
995560132,esport
3174332,autosport
54313238,volleyball
670818517,athletics
61606616,volleyball
920553522,autosport
564030627,volleyball
135672811,esport
889611806,esport
470430112,boardgames
916952214,esport
902195311,winter_sport
558547621,esport
555032604,esport
201632614,esport
483581922,esport
805759210,extreme
366196024,motosport
266731331,winter_sport
654534231,football
33521505,volleyball
272013032,autosport
708058827,hockey
619076639,volleyball
414585700,volleyball
613510504,volleyball
422072501,volleyball
763841310,basketball
168326828,martial_arts
846615403,esport
18929926,basketball
920077015,athletics
406657330,volleyball
87688401,hockey
767883100,autosport
912568719,autosport
273559404,martial_arts
293927219,boardgames
351815720,esport
919849725,volleyball
627689204,autosport
43776826,motosport
168804232,martial_arts
280451535,boardgames
602928630,athletics
602432133,volleyball
459058703,esport
229230327,esport
329768819,motosport
300585932,volleyball
179271619,athletics
914507310,autosport
376260625,esport
515163906,basketball
370818707,volleyball
772267924,extreme
923436937,boardgames
995180722,tennis
474628927,tennis
989301701,esport
67744102,esport
86963818,basketball
594307803,autosport
214775512,tennis
761417337,esport
483669103,motosport
947255416,volleyball
147224411,autosport
45822628,extreme
433545839,esport
111852809,athletics
538422305,motosport
494829421,esport
958737102,autosport
572303207,autosport
346051213,esport
657663118,esport
733163636,esport
846680907,esport
412580427,esport
479862616,football
876416825,tennis
573474327,basketball
248992617,martial_arts
572692311,basketball
348740816,esport
906965618,athletics
268602925,volleyball
730464814,boardgames
416292708,motosport
598946537,martial_arts
641006713,volleyball
807286332,motosport
720356615,boardgames
802544922,autosport
483440203,motosport
73854427,autosport
337302933,autosport
885137827,football
637330135,esport
221685408,boardgames
552161318,esport
949245201,esport
579828018,boardgames
821566411,esport
629764426,basketball
3469228,volleyball
536757720,athletics
299094039,basketball
708817610,volleyball
877712607,winter_sport
571238225,basketball
360316628,esport
875931726,esport
362038305,extreme
151529102,autosport
749740303,extreme
893890239,hockey
186210234,esport
621621214,athletics
18474206,autosport
454798730,esport
217629200,martial_arts
768730237,volleyball
447367830,martial_arts
623365639,autosport
949871830,volleyball
965583914,esport
263714124,autosport
804077033,esport
902709331,volleyball
571323905,boardgames
325140231,motosport
879807905,autosport
768689220,athletics
10778511,hockey
820407333,volleyball
329140217,motosport
11353014,athletics
596237319,martial_arts
354743016,martial_arts
291159622,extreme
960406231,tennis
571821239,martial_arts
5196023,esport
298821701,motosport
872097518,motosport
76945400,hockey
454563234,boardgames
373392512,martial_arts
750089226,martial_arts
123871733,motosport
357132616,boardgames
722797307,tennis
901640937,athletics
299159823,athletics
318475207,autosport
121036012,boardgames
573230204,athletics
888285213,martial_arts
503681221,esport
823307539,athletics
151688620,motosport
691774108,motosport
802109611,extreme
313204506,basketball
276303500,martial_arts
209708505,basketball
988761300,autosport
435521510,martial_arts
546906132,basketball
779943838,motosport
137699214,motosport
845204133,tennis
378940814,motosport
282890727,hockey
150360914,esport
572841509,esport
380828920,athletics
976997634,volleyball
726176124,autosport
666979904,volleyball
198786439,motosport
593047312,boardgames
77725304,autosport
622543412,basketball
53723411,autosport
809112636,autosport
225676112,basketball
980971909,winter_sport
732356326,volleyball
536232037,martial_arts
509298920,motosport
71369105,boardgames
472265305,esport
786094333,volleyball
216104117,esport
634713829,autosport
493483514,extreme
702231336,volleyball
487461304,tennis
942578728,boardgames
836681838,basketball
320107038,tennis
811626221,volleyball
421605521,esport
469734025,tennis
551710300,boardgames
540326921,boardgames
848777023,motosport
336407414,athletics
200403021,martial_arts
296013934,esport
232278338,motosport
400984111,volleyball
97557113,esport
783745007,esport
256102315,tennis
588665414,autosport
459606103,autosport
329730016,esport
810227300,motosport
919983808,boardgames
123949320,basketball
334684635,autosport
910521609,autosport
304707108,athletics
610555901,esport
518402824,winter_sport
428895801,martial_arts
954782222,autosport
716670416,athletics
504918307,tennis
912720600,motosport
531845619,autosport
524622113,boardgames
268620839,winter_sport
415048434,esport
149642906,tennis
241032829,extreme
421671525,esport
543663420,esport
45460810,autosport
371670028,autosport
21836419,motosport
515223035,esport
419924317,tennis
657659221,volleyball
945026513,football
411058433,football
957257906,volleyball
466189918,football
118596635,volleyball
977337403,tennis
555337026,tennis
200682408,esport
154189203,tennis
119576206,basketball
995696423,athletics
991437726,boardgames
782971823,boardgames
504207431,winter_sport
690672834,motosport
497745905,esport
131249529,volleyball
972799138,esport
339030900,football
760061830,esport
600699419,boardgames
570673139,autosport
420716606,volleyball
685722316,autosport
928894020,esport
12290911,motosport
598560315,winter_sport
74214811,esport
300089423,autosport
742197116,tennis
283348024,martial_arts
95651911,autosport
514610616,tennis
554812531,esport
633337412,volleyball
589191234,motosport
574170137,motosport
998309713,esport
592752039,volleyball
229614602,motosport
868391013,athletics
441327302,motosport
456152915,football
143184126,athletics
696205003,autosport
631961703,boardgames
569390901,hockey
413158824,volleyball
429288632,volleyball
583649127,athletics
820937225,extreme
769774306,martial_arts
495216520,esport
202788309,martial_arts
979376404,athletics
652151312,autosport
127525432,volleyball
559807729,autosport
313283508,volleyball
679175615,volleyball
58945831,esport
698740800,basketball
969573507,martial_arts
593313032,martial_arts
26060618,motosport
830580618,hockey
482225120,esport
534740330,esport
971554629,hockey
279353929,martial_arts
965768113,esport
446957610,volleyball
898046305,volleyball
105309737,autosport
436075506,esport
755703839,esport
369797136,tennis
87678917,volleyball
577954824,autosport
64418629,athletics
971196736,martial_arts
347915320,esport
116718123,athletics
723869730,esport
310405313,boardgames
524977904,esport
879867032,martial_arts
598756912,hockey
502304733,martial_arts
791905809,esport
251677902,motosport
235301239,athletics
620825127,esport
953619614,esport
635660039,boardgames
210625713,esport
178703607,autosport
626123703,boardgames
607794406,esport
375922416,autosport
957467121,motosport
168848407,esport
256411415,esport
982712506,motosport
512337707,tennis
327461413,autosport
613261001,martial_arts
127651009,autosport
8950121,basketball
47218323,athletics
396395116,athletics
980224018,autosport
488167739,hockey
95322821,motosport
369250822,motosport
675769234,winter_sport
588021734,basketball
124219137,autosport
74229233,tennis
960792022,martial_arts
751883304,basketball
516487717,autosport
261628215,hockey
926900206,esport
239044903,extreme
95187032,autosport
930432020,volleyball
415903907,esport
869518006,volleyball
340307719,autosport
478085506,athletics
561842735,motosport
799841423,esport
517616537,esport
933468212,esport
169605021,extreme
813350212,tennis
682574502,esport
732390927,athletics
560746300,boardgames
414510031,esport
707243606,athletics
583501728,boardgames
548773538,esport
488476436,esport
855240530,esport
452031436,esport
923795310,esport
526086705,esport
921992707,esport
972003326,boardgames
529216217,volleyball
139184223,volleyball
147828122,volleyball
568541621,martial_arts
55011619,tennis
821674032,hockey
253247218,tennis
88967202,hockey
180568436,basketball
891594226,athletics
661252506,boardgames
739917704,extreme
413319722,boardgames
289285000,esport
694721501,hockey
173869328,esport
274671506,esport
491378212,hockey
572123918,volleyball
240113404,volleyball
880924214,tennis
337047403,esport
64335022,martial_arts
324470724,motosport
128381701,volleyball
26974626,winter_sport
846845713,esport
449725405,volleyball
518806805,tennis
687615825,esport
773612809,tennis
90163135,martial_arts
452666501,basketball
632576821,motosport
316814235,esport
302086720,volleyball
341577834,boardgames
811784101,athletics
209915730,esport
730206900,martial_arts
641530522,tennis
897494439,athletics
154343628,volleyball
369624024,basketball
733336612,tennis
571684534,athletics
458257228,volleyball
989889703,martial_arts
798648523,autosport
655483127,boardgames
379173710,autosport
707684228,basketball
508598802,volleyball
667473433,esport
287813214,esport
911780335,martial_arts
346979937,winter_sport
232405230,autosport
398016315,autosport
91524722,football
916932407,basketball
811389738,hockey
876043310,motosport
204886735,boardgames
365401829,basketball
74514107,athletics
536209623,volleyball
349748832,esport
51478403,esport
487455103,athletics
451045817,winter_sport
331057512,volleyball
890089427,esport
310965814,esport
681523134,tennis
645893435,motosport
21598420,autosport
815971707,winter_sport
217866401,boardgames
986222017,volleyball
368422620,autosport
269600323,winter_sport
510577617,autosport
78576008,martial_arts
432881818,basketball
698702413,autosport
533490409,athletics
918364537,winter_sport
369510408,winter_sport
481125330,esport
361586808,esport
621494509,basketball
548575926,martial_arts
556172732,athletics
461748703,esport
776475030,volleyball
523428729,esport
657046535,boardgames
43669432,athletics
408679404,tennis
171142708,boardgames
753204021,basketball
953755801,athletics
435511326,esport
701136424,basketball
883696318,boardgames
647206032,esport
419776727,esport
575415307,autosport
920673602,winter_sport
907389330,boardgames
178647735,esport
169781619,athletics
78116910,basketball
761347628,esport
555766013,esport
694431706,athletics
402522236,autosport
981950805,boardgames
523701908,boardgames
511045128,autosport
12169210,esport
184939504,volleyball
677409936,boardgames
166496120,athletics
624935922,volleyball
671359431,boardgames
721356005,athletics
277201523,esport
583304501,volleyball
200809628,autosport
605027413,volleyball
250868121,basketball
204512230,volleyball
121007603,martial_arts
696763600,esport
718310929,autosport
795835134,esport
636863230,athletics
17950902,football
305580412,esport
633814217,volleyball
632988709,motosport
640851311,athletics
177951629,hockey
247313923,volleyball
640045636,basketball
54524524,athletics
965112735,boardgames
68218829,boardgames
529365418,boardgames
223395512,esport
939794218,hockey
830464415,tennis
472361212,athletics
565820003,motosport
606193409,esport
540241108,esport
200854829,autosport
694561717,esport
276213203,winter_sport
967832038,volleyball
104166914,extreme
340319108,athletics
846379730,winter_sport
123069827,football
113904702,esport
964715800,esport
362122526,esport
85626610,boardgames
786441106,extreme
313283509,volleyball
368543725,extreme
527340032,hockey
454614417,esport
129984610,martial_arts
319354635,autosport
815092714,tennis
503256319,basketball
656282637,volleyball
334212131,tennis
115874623,winter_sport
847903026,volleyball
348625206,tennis
653660801,volleyball
268076611,basketball
223233218,football
481366031,tennis
209968332,football
881039026,autosport
136266131,extreme
573464122,esport
356167110,autosport
456365104,football
514876428,autosport
532050732,esport
997758226,tennis
620831039,esport
720267537,esport
944464105,esport
89635319,volleyball
201585624,martial_arts
369973922,motosport
829014332,extreme
653708801,martial_arts
617041638,boardgames
105238323,athletics
613092418,boardgames
172533415,winter_sport
888570926,boardgames
923126630,tennis
909440401,esport
718520728,esport
584346327,athletics
354799822,athletics
803563217,winter_sport
596424711,athletics
684795625,volleyball
501121024,motosport
63796435,hockey
959923306,basketball
845425433,extreme
733552400,volleyball
493301008,tennis
363792735,martial_arts
252647132,esport
466929309,extreme
724294131,esport
927963415,tennis
873304510,winter_sport
773652518,volleyball
993727705,autosport
677320621,tennis
282349037,volleyball
880325814,tennis
760769633,boardgames
860545413,basketball
775293001,esport
421797403,football
936469535,volleyball
452677122,volleyball
11502711,volleyball
155775004,motosport
837518626,martial_arts
175020812,athletics
656321537,esport
247829135,volleyball
17474117,esport
553168723,tennis
912181332,volleyball
958980903,athletics
700198717,esport
611090907,basketball
705520417,esport
788405023,esport
769374336,basketball
114039621,autosport
297584824,volleyball
191197220,tennis
704754304,esport
452693925,volleyball
669425923,martial_arts
837661534,boardgames
770007815,autosport
300872233,volleyball
426714607,football
637027007,athletics
879179136,hockey
824807623,winter_sport
945722108,athletics
118725615,athletics
300680436,athletics
50657202,tennis
325377733,autosport
187412119,athletics
560109831,autosport
613462516,esport
433514302,esport
329148234,volleyball
712523014,tennis
952958325,esport
